,Income,Kidhome,Teenhome,NumWebVisitsMonth
count,43170.0,43170.0,43170.0,43170.0
mean,93227.38962242298,1.0047486680565207,0.998633310169099,16.59129024785731
std,50498.1819894731,0.815995583622303,0.8160082566845839,9.241768664980368
min,5841.0,0.0,0.0,1.0
25%,49608.0,0.0,0.0,9.0
50%,93009.5,1.0,1.0,17.0
75%,136740.5,2.0,2.0,25.0
max,180802.0,2.0,2.0,32.0
